,airline,total_flights,model1,model1_linear,model2,vns,gap
0,NVR,14,2.530239e+05,2.530239e+05,2.540221e+05,2.499163e+05,0.01616329182907017
1,RSY,14,4.107602e+05,4.107602e+05,4.107602e+05,3.984269e+05,0.030025626466437583
2,ANA,15,1.238942e+06,1.238942e+06,1.264137e+06,1.180909e+06,0.0658376023405477
3,KAL,18,1.798549e+06,1.798549e+06,1.798549e+06,1.660338e+06,0.07684590075897468
4,ASL,112,4.031368e+05,4.031368e+05,4.201147e+05,3.716198e+05,0.11543260288995771
5,DAL,133,7.873479e+06,7.873479e+06,7.890698e+06,7.650442e+06,0.030447957762789635
6,UAL,137,6.776284e+06,6.776284e+06,6.801133e+06,6.484238e+06,0.046594395469840566
7,THY,1274,9.416902e+06,9.416902e+06,,8.981361e+06,0.04625098572757791