,airline,total_flights,model1,model1_linear,model2,vns,gap
0,NVR,14,2.530239e+05,2.530239e+05,2.538188e+05,2.499163e+05,0.015375141636474576
1,CRL,14,1.078674e+06,1.078674e+06,1.078674e+06,1.071053e+06,0.00706515592292023
2,RSY,14,4.107602e+05,4.107602e+05,4.107602e+05,3.984269e+05,0.03002554775267907
3,CSN,14,6.922134e+05,6.922134e+05,6.922134e+05,6.557276e+05,0.052708890061937574
4,KAR,15,5.363803e+05,5.363803e+05,5.363803e+05,5.295323e+05,0.012767060982664669
5,ASL,112,4.031368e+05,4.031368e+05,4.188004e+05,3.716198e+05,0.11265653041401114
6,DAL,133,7.873479e+06,7.873479e+06,7.891484e+06,7.650442e+06,0.03054457184478865
7,UAL,137,6.776284e+06,6.776284e+06,6.799965e+06,6.484238e+06,0.04643068015791263
8,THY,1274,9.416902e+06,9.416902e+06,,8.981361e+06,0.04625098572757791
